Rigatoni al forno;https://img.chefkoch-cdn.de/rezepte/2291331365346705/bilder/922559/crop-360x240/rigatoni-al-forno.jpg;['0.50kleine', '1.00Zehe/n', '0.25EL', '62.50g', '125.00g', '62.50g', '37.50g', '50.00g', '90.00g', '62.50g', '10.5TL,gehäuft', '0.25TL,gestr.', '0.120.5TL,gestr.', '0.12'];['Zwiebel(n), fein gewürfelt', 'Knoblauch, fein gewürfelt', 'Olivenöl', 'Hackfleisch, vom Rind', 'Tomate(n), püriert', 'Sahne', 'Kochschinken, gewürfelt', 'Champignons, in Scheiben geschnitten', 'Rigatoni', 'Mozzarella, gewürfelt', 'Kräuter, italienische', 'Cayennepfeffer', 'Salz', 'Pfeffer, frisch gemahlen'];['Arbeitszeit ca. 25 Minuten', 'Koch-/Backzeit ca. 1 Stunde', 'Gesamtzeit ca. 1 Stunde 25 Minuten'];Zwiebeln und Knoblauch fein würfeln. Champignons putzen und in Scheiben schneiden. Olivenöl in einem Topf erhitzen. Zwiebeln und Knoblauch darin anschwitzen. Hackfleisch dazugeben und braten, bis es krümelig ist. Champignons mitanbraten und mit pürierten Tomaten ablöschen. Sahne hinzufügen und aufkochen. Gewürze hinzufügen und die Soße 30 min. bei geringer Hitze köcheln lassen. Dabei immer wieder umrühren. Schinken zugeben und Soße nochmals abschmecken. Rigatoni im Salzwasser sehr bissfest kochen (ca. 5 min.) und abtropfen lassen. Rigatoni in eine große Auflaufform geben und die Soße darüber schütten. Zum Schluss den gewürfelten Mozzarella darüber streuen. Das Ganze bei 180°C (Ober- und Unterhitze) auf der mittleren Schiene ca. 30 min. überbacken. Am Ende den Backofengrill, falls vorhanden, anschalten und den Käse goldgelb bräunen.
One-Pot-Spätzle mit Hähnchen;https://static.chefkoch-cdn.de/images/crop-642x428/ck.de/videos/thumbs/4278-org.jpg;['125.00g', '0.25Stange/n', '0.50', '0.25EL', '0.25TL', '0.25EL', '25.00ml', '62.50ml', '0.25Pck.', '0.75EL', '0.75', '0.25EL'];['Hähnchenbrustfilet(s)', 'Lauch', 'Möhre(n)', 'Pflanzenöl', 'Tomatenmark', 'Sambal Oelek', 'Sahne', 'Geflügelbrühe', 'HENGLEIN Spätzle (= 400 g)', 'Gouda, gerieben', 'Salz und Pfeffer, frisch gemahlen', 'Petersilie, gehackt'];['Arbeitszeit ca. 30 Minuten', 'Koch-/Backzeit ca. 6 Minuten', 'Gesamtzeit ca. 36 Minuten'];1. Hähnchen trocken tupfen und in Würfel schneiden. Lauch waschen, putzen und in feine Ringe schneiden, Möhren schälen, waschen und in kleine Würfel schneiden. Öl in einem Topf erhitzen und Hähnchen darin ca. 2 Minuten anbraten. 2. Lauch und Möhren zugeben und weitere ca. 2 Minuten braten. Tomatenmark und Sambal Oelek zugeben, kurz mitbraten und mit Sahne und Brühe ablöschen. Spätzle zugeben und ca. 2 Minuten köcheln lassen. 3. One-Pot-Spätzle mit Käse verfeinern, mit Salz und Pfeffer abschmecken und mit Petersilie bestreut servieren. Pro Portion: kJ/kcal: 1755/421 EW: 32,4 g F: 16,7 g KH: 33,4 g BE: 3
Tortellini alla panna;https://img.chefkoch-cdn.de/rezepte/1342861239100533/bilder/764589/crop-360x240/tortellini-alla-panna.jpg;['125.00g', '50.00g', '0.25EL', '150.00ml', '0.50', '1.00EL', '0.25TL', '0.25TL'];['Tortellini (Kühltheke)', 'Kochschinken, gewürfelter', 'Butter', 'Sahne', 'Eigelb', 'Parmesan, frisch geriebener', 'Muskat', 'Salz'];['Arbeitszeit ca. 10 Minuten', 'Koch-/Backzeit ca. 20 Minuten', 'Gesamtzeit ca. 30 Minuten'];Die Tortellini nach Packungsanweisung kochen. Den gekochten Schinken in einer tiefen Pfanne in Butter kurz anbraten, dann 400 ml von der Sahne hineingeben und auf kleiner Stufe köcheln lassen. Wenn die Tortellini gar sind, in die Pfanne zur Schinkensahne geben und weiter köcheln lassen. In der Zwischenzeit in einer kleinen Schüssel das Eigelb mit Parmesan, Muskatnuss, Salz und den restlichen 200 ml Sahne verrühren. Dies dann in die Pfanne zu den Tortellini geben und so lange köcheln lassen, bis die Soße dickflüssig wird. Sofort servieren. Sehr gehaltvoll, aber der Geschmack ist fantastisch. Ab und zu kann man sich's mal gönnen.
Gyros-Nudelauflauf in Metaxasoße;https://img.chefkoch-cdn.de/rezepte/2737891426025016/bilder/1365577/crop-360x240/gyros-nudelauflauf-in-metaxasosse.jpg;['62.50g', '125.00g', '0.25', '0.50', '37.50g', '12.50g', '50.00g', '100.00g', '1.00cl', '31.25g', '31.25', '31.25'];['Nudeln', 'Gyrosfleisch', 'Paprikaschote(n), rote', 'Zwiebel(n)', 'Champignons, frische', 'Tomatenmark', 'Schmand', 'Sahne', 'Metaxa', 'Käse, geriebener', 'Salz und Pfeffer', 'Paprikapulver'];['Arbeitszeit ca. 30 Minuten', 'Koch-/Backzeit ca. 50 Minuten', 'Gesamtzeit ca. 1 Stunde 20 Minuten'];Nudeln in ausreichend Salzwasser kochen, abgießen und in eine Auflaufform geben. Gyros in Öl anbraten. Dann ebenfalls in die Auflaufform geben. Das Gemüse waschen, klein schneiden und in demselben Öl anbraten, in dem zuvor das Gyros angebraten wurde. Noch etwas mit Salz und Pfeffer würzen. Das Gemüse nun zu dem Gyros und den Nudeln in die Auflaufform geben und vermengen. Das Öl mit Sahne ablöschen und den Schmand einrühren. Nun auch Tomatenmark und Metaxa hinzugeben. Nach Belieben vom Tomatenmark und Metaxa etwas mehr hinzugeben. Mit Salz und Pfeffer, gegebenenfalls mit Paprikapulver und anderen Gewürzen würzen. Nun die Soße über die Zutaten in der Auflaufform gießen, Käse drüber streuen und bei 180 °C Umluft für 20 - 30 Minuten in den heißen Ofen schieben.
Cremiger Nudelauflauf mit Tomaten und Mozzarella;https://img.chefkoch-cdn.de/rezepte/2352371374010722/bilder/1510556/crop-360x240/cremiger-nudelauflauf-mit-tomaten-und-mozzarella.jpg;['0.25', '0.50', '0.25', '100.00g', '12.50g', '31.25g', '0.25Bund', '100.00g', '100.00', '125.00g', '0.25Becher', 'n0.00B0.00', 'n0.00B0.00'];['Zwiebel(n)', 'Knoblauchzehe(n)', 'Chilischote(n), frische', 'Cherrytomate(n)', 'Parmesan', 'Mozzarella', 'Basilikum', 'Rigatoni oder Penne', 'Olivenöl', 'Tomaten, passierte', 'Sahne, 200 ml', 'Salz und Pfeffer, schwarzer', 'Zucker'];['Arbeitszeit ca. 30 Minuten', 'Koch-/Backzeit ca. 30 Minuten', 'Gesamtzeit ca. 1 Stunde'];Die Zwiebel und den Knoblauch abziehen und sehr fein schneiden. Die Chilischote entkernen und ebenso fein hacken. Die Kirschtomaten waschen und halbieren. Den Parmesan reiben und den Mozzarella grob würfeln. Die Basilikumblätter abzupfen, waschen und trocken tupfen. In einem großen Topf Salzwasser zum Kochen bringen und die Nudeln darin laut Packungsangabe al dente garen. Währenddessen in einer großen Pfanne Olivenöl erhitzen und Zwiebel, Knoblauch und Chilischote darin anschwitzen. Die passierten Tomaten hinzufügen und die Sauce ein paar Minuten leicht köcheln lassen. Dann die Sahne und den geriebenen Parmesan unterrühren und die Sauce mit Salz, Pfeffer und einer ordentlichen Prise Zucker abschmecken. Wenn die Nudeln soweit sind, diese abgießen und in die Pfanne zur Sauce geben. Die Pfanne von der Hitze nehmen und die halbierten Kirschtomaten und die Hälfte der Mozzarellawürfel unterheben. Die Basilikumblätter in Streifen schneiden und ebenfalls unterheben. Alles in eine Auflaufform geben, mit dem restlichen Mozzarella bestreuen und ca. 20 Minuten auf der mittleren Schiene im heißen Backofenbei 200 °C Ober-/Unterhitze bzw. 180 °C Umluft gratinieren. Dazu passt zum Beispiel ein grüner Salat und Knoblauchbaguette.
Spaghetti in Schinken-Sahne-Soße;https://img.chefkoch-cdn.de/rezepte/3330971494584069/bilder/1325925/crop-360x240/spaghetti-in-schinken-sahne-sosse.jpg;['150.00g', '62.50g', '100.00ml', '150.00ml', '200.00ml', '0.50Zehe/n', '0.50Schuss', '0.50TL', '0.50EL', '0.50', '0.50'];['Spaghetti', 'Schinkenwürfel', 'Sahne', 'Milch', 'Wasser', 'Knoblauch', 'Olivenöl', 'Gemüsebrühepulver', 'Parmesan, frisch geriebener', 'Salz und Pfeffer', 'Kräuter, frisch, getrocknet oder TK'];['Arbeitszeit ca. 15 Minuten', 'Koch-/Backzeit ca. 15 Minuten', 'Gesamtzeit ca. 30 Minuten'];Die Schinkenwürfel in einer heißen Pfanne oder einem ausreichend großen Topf anbraten. Dann etwas Olivenöl dazugeben, die Knoblauchzehe hinzupressen und kurz anschwitzen. Die rohen Spaghetti hinzugeben, mit Sahne, Milch und Wasser übergießen und das Gemüsebrühpulver hinzufügen. Dann ca. 12 Minuten kochen, dabei regelmäßig umrühren, damit die Nudeln nicht zusammenkleben. Sobald die Soße etwas sämig wird, die Kräuter und Gewürze hinzufügen. Zum Schluss etwa 1 - 2 EL Parmesan dazugeben. Das Gericht ist fertig, wenn die Nudeln al dente sind und die Soße sämig ist. Tipps: Wer mag, kann dann noch etwas Butter für den Geschmack hinzufügen. Als Faustregel hierbei gilt, dass es etwa dreimal so viel Flüssigkeit in ml sein sollte, wie das Gewicht der Nudeln in Gramm. Hier im Rezept entsprechend: 900 ml Flüssigkeit auf 300 g Nudeln. Lieber etwas zu wenig, als zu viel nehmen, sollten die Nudeln noch nicht ganz gar, aber die Soße schon eingekocht sein, kann man immer noch etwas Flüssigkeit hinzufügen. Natürlich kann das Rezept wunderbar variiert werden. Zum Beispiel funktioniert es auch ohne Sahne, indem man diese einfach durch Milch ersetzt.
Tagliatelle al Salmone;https://img.chefkoch-cdn.de/rezepte/2109501340136606/bilder/815906/crop-360x240/tagliatelle-al-salmone.jpg;['62.50g', '0.50EL', '0.50', '0.50', '50.00ml', '50.00ml', '0.25kl.Dose/n', '0.50TL', 'n0.00B0.00', '00.125', '50.00ml', '125.00g', '0.25TL', '0.50EL', '0.50'];['Lachs, frisch', 'Olivenöl', 'Schalotte(n), gehackt', 'Knoblauchzehe(n), evtl.auch mehr', 'Weißwein, trockener', 'Gemüsebrühe', 'Tomaten, stückige', 'Tomatenmark', 'Salz und Pfeffer', 'Limette(n), Saft davon', 'Sahne', 'Tagliatelle oder andere Bandnudeln', 'Dill, gehackt', 'Petersilie, gehackt', 'Fleur de Sel zum Bestreuen'];['Arbeitszeit ca. 10 Minuten', 'Koch-/Backzeit ca. 15 Minuten', 'Gesamtzeit ca. 25 Minuten'];Zunächst den Lachs würfeln und im Olivenöl rundum kurz anbraten, dann herausnehmen. Die gehackten Schalotten in die Pfanne geben. Kurz anschwitzen, bis sie glasig sind. Dann zwei Knoblauch hineinpressen und direkt mit dem Weißwein ablöschen. Nun den Wein bis zur Hälfte reduzieren und dann die Gemüsebrühe dazugeben. Dies nun ca. weitere 5 Minuten zusammen köcheln lassen. Anschließend die Dosentomaten und das Tomatenmark beifügen. Ordentlich mit Salz und Pfeffer würzen. Den Saft der halben Limette dazugeben, die Soße abschmecken und evtl. nach Belieben noch eine Zehe Knoblauch hineinpressen. Nach ca. 5 Minuten die Sahne darüber gießen und dann den Lachs wieder in die Soße legen. Nochmal kurz aufkochen lassen, dann die zwischenzeitlich gekochten Tagliatelle in die Sauce geben und kurz darin ziehen lassen, damit sie etwas Sauce aufnehmen können. Dill und Petersilie darüber streuen und mit etwas Fleur de Sel bestreut servieren.
Schinkennudeln à la Luna;https://img.chefkoch-cdn.de/rezepte/2007771325507213/bilder/1468966/crop-360x240/schinkennudeln-a-la-luna.jpg;['125.00g', '0.25kleine', '0.25kl.Bund', '0.25kl.Bund', '0.25Zehe/n', '0.50EL', '0.75m.-große', '50.00g', '0.50Handvoll', '0.50', '0.50EL'];['Nudeln, Sorte nach Belieben', 'Zwiebel(n)', 'Petersilie', 'Schnittlauch', 'Knoblauch', 'Crème fraîche, oder saure Sahne', 'Ei(er)', 'Kochschinken', 'Käse, gerieben, Sorte nach Wahl', 'Salz und Pfeffer', 'Margarine'];['Arbeitszeit ca. 15 Minuten', 'Koch-/Backzeit ca. 10 Minuten', 'Gesamtzeit ca. 25 Minuten'];Nudeln nach Packungsanweisung kochen. Man kann auch Reste vom Vortag verwenden. Die Kräuter hacken. Die Zwiebel würfeln. Die Knoblauchzehe häuten und durch die Knoblauchpresse drücken. Den Schinken in kleine Würfel schneiden. Die Margarine in der Pfanne erhitzen und den Schinken dazugeben, 2-3 Minuten anbraten und immer wieder mit einem Pfannenwender durchrühren. Jetzt die gemischten Kräuter, Knoblauch und Zwiebeln hinzugeben und mitdünsten. Sobald alles eine schöne Farbe angenommen hat und der Schinken leicht knusprig ist, die Nudeln dazugeben und mit anbraten. Ein bisschen Crème fraîche oder saure Sahne untermischen. Die Eier aufschlagen und über die Nudeln geben. So lange unter Rühren mitbraten, bis sie gestockt sind. Zum Schluss mit Salz und Pfeffer abschmecken. Auf einem Teller anrichten und geriebenen Käse darüber streuen. Dazu passt ein gemischter Salat mit leichtem Joghurt- oder Balsamicodressing. Das Gericht hat meine Oma, als ich noch klein war, als Resteessen auf den Tisch gebracht. Ich finde die Kombination der Kräuter mit Zwiebeln und Knoblauch macht das Gericht besonders lecker.
Rigatoni al forno;https://img.chefkoch-cdn.de/rezepte/1299041235031624/bilder/971609/crop-360x240/rigatoni-al-forno.jpg;['0.25EL', '37.50g', '0.75EL', '50.00ml', '50.00ml', '0.25EL', '0.25EL', '0.25', '0.25', '100.00g', '37.50g', '50.00g'];['Olivenöl', 'Rinderhackfleisch', 'Tomatenmark', 'Gemüsebrühe', 'Sahne', 'Butter, kalte', 'Parmesan, frisch geriebener', 'Salz', 'Cayennepfeffer', 'Rigatoni', 'Kochschinken', 'Edamer Käse, geriebener'];['Arbeitszeit ca. 20 Minuten', 'Koch-/Backzeit ca. 50 Minuten', 'Gesamtzeit ca. 1 Stunde 10 Minuten'];Für die Sauce das Olivenöl in einem Topf erhitzen. Das Hackfleisch hineingeben und unter Rühren so lange braten, bis es braun und krümelig ist. 1 EL Tomatenmark unterrühren und kurz anrösten. Mit der Gemüsebrühe ablöschen, die Sahne hinzufügen und aufkochen lassen. Das restliche Tomatenmark unterrühren und die Sauce mindestens 30 Minuten köcheln lassen. Danach die Butter darin zerlassen und die Sauce mit Salz, Cayennepfeffer und Parmesan abschmecken. Die Rigatoni nach Packungsanweisung in reichlich Salzwasser sehr bissfest kochen, dabei gelegentlich umrühren. In ein Sieb abgießen und abtropfen lassen, dann wieder in den Topf geben. Den Schinken in 1/2 bis 1 cm breite Streifen schneiden. Die Sauce zu den Rigatoni geben und alles erhitzen. Die Schinkenstreifen unterrühren und nur kurz darin erwärmen. Den Backofen auf 180 °C vorheizen. Die Nudelmischung in eine große Auflaufform geben oder auf vier kleine ofenfeste Formen gleichmäßig verteilen. Den geriebenen Edamer darüber streuen. Auf der mittleren Schiene überbacken, bis der Käse goldgelb ist.
Bandnudeln mit frischem Spinat und Lachs;https://img.chefkoch-cdn.de/rezepte/1677441275813669/bilder/698987/crop-360x240/bandnudeln-mit-frischem-spinat-und-lachs.jpg;['200.00g', '166.67g', '0.33', '0.67EL', '0.33TL', '41.67ml', '0.67Zehe/n', '0.33Pkt.', '0.33TL', '0.33Becher', 'n0.00B0.00', 'n0.00B0.00'];['Bandnudeln, frische (optional 200 - 250 g Trockenware)', 'Blattspinat, frischer', 'Zwiebel(n)', 'Rapsöl oder anderes raffiniertes Öl', 'Gemüsebrühepulver', 'Wasser', 'Knoblauch', 'Räucherlachs, ca. 150 - 200 g (oder auch frischer Lachs, ca. 250 g)', 'Speisestärke', 'Cremefine oder Schmand, ca. 150 - 200 g', 'Salz und Pfeffer', 'Muskat'];['Arbeitszeit ca. 15 Minuten', 'Koch-/Backzeit ca. 15 Minuten', 'Gesamtzeit ca. 30 Minuten'];Die Nudeln nach Gebrauchsanweisung kochen. Achtung: Frische Nudeln brauchen nur 2 - 3 Minuten (also aufs Timing achten)! Den Spinat von Stängeln (bis zum Blattanfang) befreien und gründlich waschen. Sand bekommt man am besten raus, indem man den Spinat in Wasser legt und nicht nur abbraust. Die Zwiebel in Ringe schneiden, in eine Pfanne mit hohem Rand und Deckel mit dem Öl geben und bei kleiner bis mittlerer Hitze glasig dünsten (nicht braten!). Gemüsebrühepulver mit Wasser mischen und dazugießen (alternativ geht auch Weißwein statt Brühe). Den Knoblauch schälen, in möglichst kleine Stückchen schneiden und in die Pfanne geben. Nun den Spinat dazugeben. Evtl. geht das nur nach und nach, er fällt aber schnell in sich zusammen, so dass nachgelegt werden kann, falls die Pfanne nicht groß genug ist. Den Räucherlachs in Stücke schneiden und dazugeben, sobald der Spinat komplett in sich zusammen gefallen ist. Alternativ zum Räucherlachs geht auch frischer Lachs, der auf die gleiche Weise einfach gewürfelt und noch roh dazugegeben wird. Etwas Flüssigkeit abnehmen und in einer Tasse mit der Stärke mischen, bis sie sich löst. Dieses Gemisch wieder in die Pfanne geben, ebenso die Cremefine bzw. Schmand. Mit Pfeffer, Salz und (am besten frisch hinein geriebener) Muskatnuss würzen. Die Nudel abgießen, untermischen und servieren.
Schwarzwälder Pilz-Dim Sum mit Sojasauce;https://img.chefkoch-cdn.de/rezepte/4080481638604337/bilder/1431599/crop-360x240/schwarzwaelder-pilz-dim-sum-mit-sojasauce.jpg;['50.00g', '0.25TL', '32.50ml'];['Mehl', 'Salz', 'Wasser, heißes'];['Arbeitszeit ca. 1 Stunde', 'Ruhezeit ca. 1 Stunde', 'Koch-/Backzeit ca. 40 Minuten', 'Gesamtzeit ca. 2 Stunden 40 Minuten'];Für 32 Dim Sum. Für den Teig Mehl und Salz vermischen. Heißes Wasser hinzugeben und mit Hilfe zweier Essstäbchen vermengen. Sobald Wasser und Mehl sich verbunden haben mehrere Minuten mit den Händen weiterkneten. Aus dem Teig eine Kugel formen, abdecken und mindestens 60 Minuten ruhen lassen. In der Zwischenzeit die Pilze putzen und in grobe Stücke schneiden. Die Schalotten und Knoblauchzehen schälen und fein würfeln. Die Kräuter waschen, trocken schütteln und in feine Streifen schneiden. Die Pilze in einer heißen Pfanne mit etwas Sonnenblumenöl kräftig anbraten. Schalotten und Knoblauch hinzugeben und mitbraten. Wenn die Pilze zusammengefallen sind und ihre gesamte Flüssigkeit verkocht ist, mit einem Schuss Sherry ablöschen und einkochen lassen. Misopaste und Kräuter hinzugeben und mit Chiliflocken, Salz und Pfeffer würzen. Die gegarte Pilzmasse aus der Pfanne auf ein Brett geben und mit einem Messer mehrmals grob durchhacken, in eine Schüssel füllen und für ca. 30 Minuten in den Kühlschrank stellen. Den Teig aus dem Kühlschrank holen und die Teigkugel in 8 gleichgroße Stücke schneiden. Diese zu jeweils 4 kleinen Kugeln formen und auf einer bemehlten Arbeitsfläche gleichmäßig zu kleinen runden Teigplatten formen. Anschließend mit einem Nudelholz ca. 1 - 2 mm dünn ausrollen. Tipp: Wer sich beim runden Ausrollen einzelner Teiglinge schwertut, kann einfach den ganzen Teig ausrollen und mit einem umgedrehten Glas oder Teigausstecher rund ausstechen. Jeweils ca. 1 - 2 Teelöffel der Pilzfüllung in die Mitte jedes Teigkreises geben und den Rand mit Wasser befeuchten. Nun zu Halbmonden zusammenklappen und eine Teighälfte in kleinen Wellenbewegungen, fächerförmig an die andere Teighälfte drücken. Die fertigen Dim Sum in einen geölten, oder mit gelöchertem Backpapier ausgelegten Dämpfeinsatz geben und ca. 7 - 9 Minuten dämpfen. Als Dip eignet sich Sojasauce mit geröstetem Sesam.
Linsen-Pasta mit Hähnchen;https://img.chefkoch-cdn.de/rezepte/4147921660564722/bilder/1469981/crop-360x240/linsen-pasta-mit-haehnchen.jpg;['150.00g', '0.50', '0.50'];['Hähnchenbrustfilet(s)', 'Zwiebel(n), rote', 'Peperoni, rote'];['Arbeitszeit ca. 15 Minuten', 'Koch-/Backzeit ca. 15 Minuten', 'Gesamtzeit ca. 30 Minuten'];1. Hähnchen ca. 1,5 cm groß würfeln. Zwiebel in dünne Streifen schneiden. Peperoni einritzen, entkernen und in dünne Streifen schneiden. Spinat verlesen, waschen und trocken schleudern. 2. 2 EL Öl in einer Pfanne erhitzen. Fleisch darin rundherum bei starker Hitze braun anbraten. Mit Salz und Pfeffer würzen und herausnehmen. 3. 2 El Öl, Zwiebeln und Peperoni in den Bratsatz geben und kurz anbraten. Mit der Brühe ablöschen und aufkochen. Spinat zugeben und zugedeckt bei mittlerer Hitze 4 - 5 Min. garen. 4. Inzwischen die Nudeln in reichlich kochendem Salzwasser nach Packungsanweisung garen. Nudeln abtropfen lassen. 5. Fleisch und Crème légère in die Sauce geben und erhitzen. Mit Salz und Muskat würzen. Nudeln untermischen und sofort servieren. Pro Portion 54 g E, 34 g F, 30 g KH = 660 kcal (2759 kJ)
Vegetarische Spinat-Gemüse-Lasagne mit Tomatensoße;https://img.chefkoch-cdn.de/rezepte/2114131340630587/bilder/1331935/crop-360x240/vegetarische-spinat-gemuese-lasagne-mit-tomatensosse.jpg;['200.00g', '0.67große', '2.33m.-große', '0.33große', '1.67EL', '0.0.17Pck.', '0.33EL,gestr.', '0.67', '0.67', '0.67', '1.00EL', '0.67EL', '166.67ml', '50.00ml', '0.33Paket', '66.67g'];['Blattspinat, TK, mit Rahm', 'Karotte(n)', 'Champignons', 'Zwiebel(n)', 'Milch', 'Kräuterfrischkäse, ca. 100 g', 'Gemüsebrühepulver', 'Knoblauchzehe(n)', 'Salz und Pfeffer', 'Chilipulver', 'Butter', 'Mehl', 'Tomaten, passierte', 'süße Sahne', 'Lasagneplatte(n)', 'Käse, geriebener'];['Arbeitszeit ca. 25 Minuten', 'Ruhezeit ca. 10 Minuten', 'Koch-/Backzeit ca. 45 Minuten', 'Gesamtzeit ca. 1 Stunde 20 Minuten'];"Karotten, Champignons und Zwiebel klein schneiden und zuerst die Zwiebelwürfel in einer Pfanne anbraten, bis sie glasig sind. Danach das restliche Gemüse dazugeben und kurz mitbraten. Die Milch dazugeben und den Rahmspinat darin erhitzen, bis die Blätter nicht mehr gefroren sind und die Rahmsoße leicht eingedickt ist. Jetzt den Frischkäse sowie das Gemüsebrühpulver dazugeben und gut verrühren. Fünf Minuten köcheln lassen, bis die Soße schön eingedickt ist. Zum Schluss eine Knoblauchzehe dazu pressen und mit Salz, Pfeffer und Chili abschmecken. Das Spinatgemisch darf ruhig gut würzig sein, da der Spinat beim Backen relativ viel Salz ""schluckt"". In einem separaten Topf die Butter erhitzen, bis sie vollständig zerlaufen ist. Das Mehl unter Rühren hinzugeben und zu einer glatten Masse verrühren. Unter stetem Rühren nun die passierten Tomaten dazugeben, danach direkt die Sahne dazugießen und alles kurz aufkochen. Eine Knoblauchzehe dazupressen und mit Salz und Pfeffer abschmecken. Auch hier muss nicht am Salz gespart werden. Mit der Tomatensoße und dem Spinat dünn den Boden einer Auflaufform bedecken und jetzt abwechselnd Lasagneplatten, Spinatgemisch und Tomatensoße darin schichten. Mit der Soße abschließen und lückenlos mit Reibekäse bestreuen. Im heißen Backofen bei 180 °C Umluft ca. 30 Minuten backen. Nach dem Backen noch fünf bis zehn Minuten im ausgeschalteten Backofen stehen lassen, dann bleibt die Lasagne perfekt in Form und zerläuft nicht. Tipp: Sehr lecker ist es auch, auf eine Schicht fein geschnittene Fetascheiben zu legen, bevor die nächste Lasagneplattenschicht kommt."
Spaghetti aglio, olio e peperoncino;https://img.chefkoch-cdn.de/rezepte/2659071417547506/bilder/1055123/crop-360x240/spaghetti-aglio-olio-e-peperoncino.jpg;['125.00g', '0.25', '1.25', '0.50', '1.25EL', '0.50TL', '25.00ml', '10.00g', '0.25TL', '0.25TL', '0.5TL'];['Spaghetti (aus Hartweizengrieß)', 'Tomate(n)', 'Knoblauchzehe(n)', 'Peperoni', 'Petersilie', 'Gemüsebrühepulver (Delikatessbrühe)', 'Olivenöl, nativ', 'Hartkäse (z. B. Grana Padano oder Pecorino, 1 Jahr Reifegrad)', 'Basilikum', 'Oregano', 'Salz'];['Arbeitszeit ca. 10 Minuten', 'Koch-/Backzeit ca. 15 Minuten', 'Gesamtzeit ca. 25 Minuten'];Zunächst die Spaghetti nach Packungsanleitung kochen. Anmerkung: Kurz vor Ende der Garzeit benötigt ihr noch 2 Kellen vom Kochwasser, nicht vergessen. Den Hartkäse mit einer Reibe zerkleinern. Die Tomate in kleine Würfel schneiden und in eine Schüssel geben. Dann den Knoblauch klein schneiden, leicht salzen, kurz warten und zerdrücken (durch das Salz wird der Knoblauch beim Zerdrücken zu einer Paste). Dies ebenfalls mit in die Schüssel geben. Basilikum, Oregano, Petersilie und Peperoni ebenfalls klein schneiden und in die Schüssel geben. Das Delikatessbrühepulver hinzugeben und die Würzmischung ist fertig. Nun die 2 Kellen des Kochwassers hinzugeben (unbedingt dieses Wasser verwenden, denn die Nudeln haben beim Kochen eine Menge Stärke abgegeben, die wir brauchen). Alles gut verrühren und 2 Minuten ziehen lassen. Wenn die Würzmischung leicht versalzen schmeckt, ist sie richtig. Die Nudeln gut abtropfen lassen und in einer heißen Pfanne maximal 1 Minute schwenken. Nun die Würzmischung hinzugeben, gut durchschwenken und dann den geriebenen Hartkäse hinzugeben. Dieser wirkt als Bindemittel und die flüssige Würzmischung verbindet sich nun mit den Nudeln. Vor dem Servieren noch das kalte Olivenöl darübergeben und vermischen. Nicht vorher! Das Öl verliert extrem an Geschmack und Qualität, wenn es erhitzt wird. Bei Bedarf jetzt noch etwas Hartkäse oben draufgeben. Wie in vielen italienischen Rezepten ist es vor allem die korrekte Zubereitung, die den Unterschied macht.
Nudelsalat auf italienisch;https://img.chefkoch-cdn.de/rezepte/291451108168834/bilder/764445/crop-360x240/nudelsalat-auf-italienisch.jpg;['62.50g', '12.50g', '12.50', '25.00g', '50.00g', '37.50g', '37.50'];['Penne oder andere Nudeln nach Wahl', 'Pinienkerne', 'Rucola', 'Tomate(n), getrocknete in Öl', 'Mozzarella', 'Parmaschinken', 'Salz und Pfeffer'];['Arbeitszeit ca. 25 Minuten', 'Koch-/Backzeit ca. 15 Minuten', 'Gesamtzeit ca. 40 Minuten'];Die Nudeln kochen und mit kaltem Wasser abschrecken. Die Pinienkerne in einer Pfanne bei mittlerer Hitze ohne Fett leicht anbräunen. Rucola gut waschen, trocken schleudern und etwas kleiner schneiden. Die getrockneten Tomaten gut abtropfen lassen und wie den Mozzarella und den Parmaschinken klein schneiden. Alles in eine große Schüssel geben, salzen und pfeffern. Öl, Essig, klein gehackte oder gepresste Knoblauchzehe, Pesto, Senf und Honig miteinander vermischen und kurz vor dem Essen über den Salat geben. Alles noch einmal gut durchmischen und mit dem geriebenen Parmesan garnieren.
Manti mit Hackfleisch;https://img.chefkoch-cdn.de/rezepte/4141941658771027/bilder/1481956/crop-360x240/manti-mit-hackfleisch.jpg;['125.00g', '125.00', '0.50'];['Weizenmehl Type 00, gesiebt', 'Salz', 'Ei(er), Größe M'];['Arbeitszeit ca. 1 Stunde', 'Ruhezeit ca. 20 Minuten', 'Koch-/Backzeit ca. 15 Minuten', 'Gesamtzeit ca. 1 Stunde 35 Minuten'];1. Für den Teig Mehl in eine Schüssel geben. 1 TL Salz, verquirlte Eier und 180 ml Wasser untermischen und mit den Knethaken des Handrührers zu einem festen Nudelteig verkneten. Teig auf der leicht bemehlten Arbeitsfläche 2 - 3 Minuten weiterkneten. Mit einer Schüssel bedeckt ca. 20 Minuten ruhen lassen. 2. Für die Füllung Schalotten in feine Würfel schneiden. Olivenöl in einer Pfanne erhitzen, Schalotten darin 2 Minuten glasig dünsten. Beiseite abkühlen lassen. Petersilien- und Minzblätter abzupfen und fein schneiden. Kreuzkümmelsaat im Mörser fein zermahlen. Hackfleisch in einer Schüssel mit Schalotten, Kräuterblättern, Kreuzümmel, Eigelb, beiden Paprikapulvern, Salz und Pfeffer mischen und abgedeckt 15 Minuten kalt stellen. Dann aus der Füllung erbsengroße Kugeln formen. 3. Teig halbieren. Teighälften nacheinander auf einer leicht bemehlten Arbeitsfläche sehr dünn ausrollen (ca. 55 x 30 cm). Teighälften in 4 x 4 cm große Quadrate schneiden. Mit gut bemehlten Händen jeweils 1 Kugel Füllung mittig auf 1 Nudelblatt legen, rundum leicht mit Wasser bepinseln. Teig zur Hälfte über die Füllung klappen und die Teigränder an beiden Ecken zusammendrücken. Die Ecken mittig über der Füllung zusammenführen, sodass 4 Teigspitzen entstehen. Jede Teigspitze zusammendrücken und fest verschließen. Manti auf ein leicht bemehltes Backblech legen und mit einem Tuch abdecken. 4. Butter mit beiden Paprikapulvern und 1/2 TL Salz in einem Topf zerlassen. Reichlich Wasser in einem hohen Topf aufkochen, Salz zugeben. Manti im kochenden Salzwasser 10 - 12 Minuten garen, dann in ein Sieb abgießen (dabei etwas Nudelwasser auffangen) oder mit einer Schaumkelle herausnehmen. Joghurt in einer Schüssel mit 8 - 10 EL Nudelwasser verrühren. 5. Etwas Joghurt auf vorgewärmte Tellern streichen. Manti darauf anrichten, mit warmer Paprikabutter beträufeln und mit Pfeffer bestreut servieren. Dazu passt ein Tomaten-Olivensalat mit Basilikum. Pro Portion 22 g E, 47 g F, 94 g KH = 922 kcal (3866 kJ)
Italienischer Nudelsalat mit getrockneten Tomaten und Schafskäse;https://img.chefkoch-cdn.de/rezepte/1706171279364205/bilder/1329059/crop-360x240/italienischer-nudelsalat-mit-getrockneten-tomaten-und-schafskaese.jpg;['125.00g', '0.25Glas', '0.25Glas', '1.00EL', '1.00EL', '1.00Zehe/n', '0.25Pck.', '0.25', '0.25', '0.25Bund', '0.25Pck.'];['Nudeln', 'Oliven, schwarze, entsteint, ohne Kräuter', 'Tomate(n), getrocknete in Öl', 'Öl von den Tomaten', 'Tomatenmark', 'Knoblauch, durchgepresst', 'Schafskäse', 'Salz und Pfeffer', 'Cayennepfeffer', 'Rucola', 'Pinienkerne'];['Arbeitszeit ca. 20 Minuten', 'Ruhezeit ca. 1 Tag', 'Koch-/Backzeit ca. 10 Minuten', 'Gesamtzeit ca. 1 Tag 30 Minuten'];Die Nudeln in Salzwasser gar kochen und anschließend abgießen. Den Schafskäse mit den Händen zerkrümeln. Die getrockneten Tomaten abtropfen lassen, dabei 4 EL vom Öl auffangen. Evtl. auch die Tomaten und die Oliven klein schneiden, das muss man aber nicht. Alle Zutaten von Oliven bis Schafskäse mit den noch warmen Nudeln vermischen. Mit Salz, Pfeffer und Cayennepfeffer abschmecken. Den Rucola und die kurz in der Pfanne gerösteten Pinienkerne erst kurz vor dem Servieren unterheben. Der Salat schmeckt am besten, wenn er 1 Nacht durchgezogen hat.
Italienische Minestrone;https://img.chefkoch-cdn.de/rezepte/982331203688547/bilder/971618/crop-360x240/italienische-minestrone.jpg;['0.38', '0.38große', '0.25Stange/n', '0.25große', '0.25große', '12.50g', '12.50g', '7.50g', '6.25ml', '7.50g', '10.5Liter', '12.50g', '0.25EL', '0.12Bund', '12.50g', '12.50', '10.62g', 'n0.00B0.00'];['Knoblauchzehe(n)', 'Zwiebel(n)', 'Staudensellerie', 'Karotte(n)', 'Kartoffel(n)', 'Bohnen, grüne', 'Zucchini', 'Butter', 'Olivenöl', 'Speck, durchwachsener, klein gewürfelt', 'Gemüsebrühe oder Hühnerbrühe', 'Tomate(n), gehackte', 'Tomatenmark', 'Basilikum, frisches, fein gehackt', 'Parmesanrinde', 'Salz und Pfeffer', 'Spaghetti, in kleine Stücke gebrochen', 'Parmesan, frisch geriebener,  zum Servieren'];['Arbeitszeit ca. 30 Minuten', 'Koch-/Backzeit ca. 1 Stunde 35 Minuten', 'Gesamtzeit ca. 2 Stunden 5 Minuten'];Knoblauch, Zwiebeln, Sellerie, Karotten, Kartoffeln, Bohnen und Zucchini klein schneiden. Butter und Öl in einem großen Topf erhitzen und den Speck 2 Minuten anbraten. Knoblauch und Zwiebeln zugeben, 2 Minuten braten, dann Sellerie, Karotten und  Kartoffeln unterrühren und weitere 2 Minuten braten. Die Bohnen in den Topf geben und 2 Minuten braten. Die Zucchini einrühren und weitere 2 Minuten braten. Den Deckel auflegen und das Gemüse unter gelegentlichem Rühren 15 Minuten dünsten. Gemüsebrühe, Tomaten, Tomatenmark, Basilikum und Käserinde dazugeben und abschmecken. Aufkochen lassen, die Temperatur reduzieren und 1 Stunde leise köcheln. Die Käserinde entfernen und wegwerfen. Die Spaghettistücke in den Topf geben und 10 Minuten kochen. In großen, vorgewärmten Suppentellern mit frisch geriebenem Parmesan bestreut servieren.
Sizilianische Pasta Melanzane;https://img.chefkoch-cdn.de/rezepte/4164131665472831/bilder/1477745/crop-360x240/sizilianische-pasta-melanzane.jpg;['100.00g', '100.00', '125.00g'];['Farfalle', 'Salz', 'Aubergine(n)'];['Arbeitszeit ca. 20 Minuten', 'Koch-/Backzeit ca. 15 Minuten', 'Gesamtzeit ca. 35 Minuten'];1. Nudeln nach Packungsangabe in Salzwasser bissfest kochen. Aubergine putzen, abspülen, trocknen, längs halbieren und in dünne Scheiben schneiden. Schalotten und Knoblauch fein würfeln. Tomaten abspülen und halbieren. 2. Öl in einer Pfanne erhitzen, Aubergine darin etwa 2 Minuten scharf anbraten. Schalotten und Knoblauch zufügen, 2 weitere Minuten braten. Kirschtomaten und passierte Tomaten zugeben und 5 Minuten bei kleiner Hitze kochen. Mit Salz und Pfeffer abschmecken. 3. Nudeln abgießen und tropfnass mit in die Pfanne zu den Auberginen geben. Zitrone heiß abspülen, trocknen, die Schale fein abreiben und zu den Nudeln geben. Gut schwenken und anrichten. Proteinkäse in Stücke teilen, über die Nudeln streuen. Zitronenöl darüberträufeln, mit Pfeffer bestreut servieren. Pro Portion Energie: 740 kcal, Kohlenhydrate: 78 g, Eiweiß: 39 g, Fett: 30 g
Leberkäse-Nudel-Pfanne;https://img.chefkoch-cdn.de/rezepte/4299881712836965/bilder/1550440/crop-360x240/leberkaese-nudel-pfanne.jpg;['150.00g', '1.00Scheibe/n', '90.00g'];['Lauch', 'Leberkäse (dicke Scheiben)', 'Nudeln (z. B. Gemelli)'];['Arbeitszeit ca. 10 Minuten', 'Koch-/Backzeit ca. 20 Minuten', 'Gesamtzeit ca. 30 Minuten'];1. Lauch putzen, Weißes und Hellgrünes in 1 cm dicke Ringe schneiden, waschen und abtropfen lassen. Leberkäse würfeln. 2. Nudeln nach Packungsanweisung bissfest garen. Inzwischen Öl in einer Pfanne erhitzen, Leberkäse darin 5 Min. rundum anbraten. 3. 3 Min. vor Ende der Nudelgarzeit den Lauch zu den Nudeln geben, aufkochen, zu Ende garen. Milch und Schmand mit Senf verrühren, zum Leberkäse geben, salzen und pfeffern. Lauch-Nudeln abgießen, abtropfen lassen, mit dem Leberkäse mischen. Nach Belieben frisch geriebenen Parmesan untermischen. Pro Portion 36 g E, 74 g F, 73 g KH = 1125 kcal (4707 kJ)
Schwäbische Linsen mit Spätzle und Saitenwürstchen;https://img.chefkoch-cdn.de/rezepte/2103441339486118/bilder/1344015/crop-360x240/schwaebische-linsen-mit-spaetzle-und-saitenwuerstchen.jpg;['0.50', '0.5Stange/n', '0.50', '1.00Scheibe/n', '75.00g', '75.00g', '250.00ml', '0.50kleine', '2.00', '1.00EL', '1.00', '1.00', '1.00EL', '125.00g'];['Zwiebel(n), gewürfelt', 'Lauch, in Ringe geschnitten', 'Karotte(n), in Scheiben geschnitten', 'Knollensellerie (mittelgroße Scheiben), gewürfelt', 'Linsen, wenn möglich, echte Alblinsen', 'Räucherbauch (Wacholderbauch)', 'Gemüsebrühe', 'Kartoffel(n), gerieben', 'Würstchen (Saitenwürstchen oder Wienerle)', 'Öl', 'Salz und Pfeffer', 'Muskat', 'Rotweinessig nach Geschmack', 'Spätzle (Kühlregal oder selbst gemacht, Rezepte in der Datenbank)'];['Arbeitszeit ca. 20 Minuten', 'Koch-/Backzeit ca. 45 Minuten', 'Gesamtzeit ca. 1 Stunde 5 Minuten'];Zuerst die gewürfelte Zwiebel andünsten, dann das Gemüse, jedoch ohne die Kartoffel. Den Speck mit anbraten, dann die Linsen hinzugeben (es können eingeweichte Linsen sein, müssen aber nicht). Jetzt die Brühe angießen und bei eingeweichten Linsen ca. 15 Minuten kochen, bei getrockneten Linsen entsprechend länger (die meisten angebotenen Linsen können ohne Einweichen gekocht werden). Nach ca. 8 Minuten die geriebene Kartoffel dazugeben. Wenn die Linsen gar sind, mit den Gewürzen und dem Essig abschmecken. Die Würstchen erhitzen. Die Spätzle nach Packungsanleitung erhitzen oder in der Kochzeit der Linsen selbst herstellen. Die Linsen mit den Würstchen und Spätzle anrichten.
Julies feine Gemüselasagne;https://img.chefkoch-cdn.de/rezepte/1143511220703880/bilder/964810/crop-360x240/julies-feine-gemueselasagne.jpg;['0.25', '0.25', '0.25große', '0.25kleine', '0.25Stange/n', '0.25', '0.25', '50.00g', '62.50g', '2.25'];['Zwiebel(n)', 'Möhre(n)', 'Zucchini', 'Aubergine(n)', 'Staudensellerie mit Blättern', 'Olivenöl', 'Salz und Pfeffer, schwarzer', 'Schmand, ersatzweise Crème fraîche oder Sauerrahm', 'Käse, geriebener (z. B. Gouda oder Emmentaler)', 'Lasagneplatte(n)'];['Arbeitszeit ca. 35 Minuten', 'Koch-/Backzeit ca. 50 Minuten', 'Gesamtzeit ca. 1 Stunde 25 Minuten'];Die Zwiebel schälen und fein hacken. Möhre, Zucchini, Aubergine und Sellerie waschen, putzen und in Würfel oder Streifen schneiden, dabei die Sellerieblätter beiseitelegen. Öl in einer Pfanne erhitzen und das Gemüse darin etwa 5 Minuten kräftig anbraten, mit Salz und Pfeffer würzen. Den Herd ausschalten und Schmand und 150 g Käse auf das Gemüse geben. Den Käse vorsichtig schmelzen lassen und gut mit dem Gemüse vermischen. Das Gemüse nochmals mit Salz und Pfeffer abschmecken. Für die Tomatensauce die sehr fein gehackten Knoblauchzehen im heißen Öl andünsten, mit passierten Tomaten ablöschen und aufkochen lassen. Das Tomatenmark einrühren und etwa 10 Minuten bei mittlerer Hitze köcheln lassen. Kräuter und Sellerieblätter fein hacken und einrühren. Die Sauce mit Salz und Pfeffer abschmecken und vom Herd nehmen. Gemüsemasse, Lasagneplatten und Tomatensauce in eine Auflaufform schichten, dabei mit Gemüsemasse beginnen und mit Tomatensauce abschließen. Mit dem restlichen Käse bestreuen. Im vorgeheizten Heißluftofen bei ca. 180 °C etwa 30 Minuten überbacken. Durch Käse und Schmand und in Verbindung mit der Tomatensauce bekommt das Gemüse einen feinen, cremigen und fruchtigen Geschmack und schmeckt deshalb auch denjenigen, die Gemüse sonst nicht so gerne haben.
Nudelsalat mit getrockneten Tomaten, Pinienkernen, Schafskäse und Basilikum;https://img.chefkoch-cdn.de/rezepte/1186971224658128/bilder/1474438/crop-360x240/nudelsalat-mit-getrockneten-tomaten-pinienkernen-schafskaese-und-basilikum.jpg;['100.00g', '40.00g', '40.00g', '0.40', '20.00g', '6.00', '10.00ml', '10.00'];['Farfalle (Schmetterlingsnudeln)', 'Tomate(n), getrocknete in Öl', 'Schafskäse', 'Knoblauchzehe(n)', 'Pinienkerne', 'Basilikumblätter', 'Olivenöl', 'Salz und Pfeffer'];['Arbeitszeit ca. 25 Minuten', 'Koch-/Backzeit ca. 10 Minuten', 'Gesamtzeit ca. 35 Minuten'];Die Nudeln nach Packungsanweisung bissfest kochen. In der Zwischenzeit die Tomaten klein schneiden und den Schafskäse würfeln. Den Knoblauch abziehen, durchpressen oder winzig klein schneiden. Die Pinienkerne vorsichtig in einer Pfanne ohne Fett anrösten (Vorsicht - sie werden schnell schwarz!). Die Basilikumblätter klein reißen oder schneiden. Die gekochten Nudeln abgießen und nun alles zusammen in eine Schüssel geben. Nun das Olivenöl (die Menge ist geschätzt) darüber geben und mit Salz und Pfeffer abschmecken. Tipp: Bei uns wird die erste Portion immer noch warm gegessen.
Japanische Nudelsuppe mit Hühnerbrühe und Schweinefilet-Ramen;https://img.chefkoch-cdn.de/rezepte/1804511291817891/bilder/1363518/crop-360x240/japanische-nudelsuppe-mit-huehnerbruehe-und-schweinefilet-ramen.jpg;['0.25', '0.25', '0.25', '1.00', '0.25Stück(e)', '1.00', '0.25Handvoll'];['Suppenhuhn (auch TK)', 'Lauchstange(n)', 'Zwiebel(n)', 'Knoblauchzehe(n)', 'Ingwerwurzel, ca. 5 cm', 'Karotte(n)', 'Algen, optional'];['Arbeitszeit ca. 45 Minuten', 'Koch-/Backzeit ca. 5 Stunden', 'Gesamtzeit ca. 5 Stunden 45 Minuten'];Die Brühe: Das Suppenhuhn mit Lauch, Zwiebel, drei bis vier Zehen Knoblauch, Ingwerwurzel, einer Prise Salz, drei bis vier Karotten und den Algen (optional) im kalten Wasser ansetzen. So viel Wasser hinzufügen, dass das Huhn komplett bedeckt ist. Die Topfgröße so wählen, dass alles plus zwei bis drei Liter Wasser gut hineinpasst, ein fünf Liter Topf ist ideal. Alles langsam zum Köcheln bringen und mindestens 3 - 4 Stunden köcheln lassen. Noch leckerer wird die Brühe bei Kochzeiten von 6 - 8 Stunden. Sollte Schaum entstehen, kann man diesen abschöpfen, muss man aber nicht. Die Brühe sollte nicht zu stark kochen, nur leicht simmern. Je länger diese Brühe kocht, desto besser. Die Brühe anschließend abseihen. Es lohnt sich, ein gutes und vor allem echtes Suppenhuhn oder ein frisches Hähnchen zu verwenden. Wenn man ein Hähnchen nimmt, kann man nach ca. 1 Stunde Kochzeit das Fleisch komplett von den Knochen lösen und alles bis auf das Fleisch (Knochen, Knorpel, Haut) weiter in der Brühe köcheln lassen. Aus dem Fleisch lassen sich viele andere Gerichte zubereiten (z.B. thailändischer Hühnersalat u.v.m). Das Fleisch: Das Schweinefilet in einer Pfanne kurz von allen Seiten scharf anbraten, bis es leicht bräunlich ist. Nicht zu lange braten, nur leicht bräunen! Anschließend in einen Topf legen und mit Sojasauce (ich verwende Kikkoman weil sie natürlich gebraut ist) und 50 bis 100 ml Reiswein oder Sake (ich verwende chinesischen Reiswein) aufgießen. Den Zucker, in Scheiben geschnittene Frühlingszwiebel (mit dem Grün und nur wenig von der Zwiebel) und geriebene Ingwerwurzel dazugeben. Mit etwas Wasser aufgießen, sodass das Filet fast ganz mit Flüssigkeit bedeckt ist. Die Flüssigkeit zum Köcheln bringen. Auch hier wieder nur leicht köcheln lassen. Nach 40 Minuten das Filet aus der Flüssigkeit nehmen und zur Seite legen. Das Schweinefilet, bevor es in die Suppe kommt, in ca. 2 - 3 mm dicke Scheiben schneiden. Das Fleisch sollte von einem guten Metzger stammen, es gibt da erstaunliche Qualitätsunterschiede. Ein gutes Schweinefilet ist nach dieser Prozedur sehr zart und saftig und nicht zäh und trocken. Die Eier: Die Eier hart kochen und pellen. Anschließend in den Sud geben und 10 Minuten mitköcheln lassen. Immer wieder wenden, sodass sie gleichmäßig vom Sud gebräunt werden. Wenn sie fertig sind, halbieren und zur Seite legen. Die Nudeln: Man kann, während die Brühen kochen, selbst Nudeln herstellen (Rezepte dafür gibt es in der Datenbank) oder chinesische Suppennudeln vom Asiashop verwenden. Ich habe gute Erfahrungen mit Quick-Noodles gemacht, aber es schmecken sogar Spaghetti darin sehr gut. Wer einen gut sortierten Asialaden hat, bekommt vielleicht sogar Ramen Nudeln oder frische Ramen Nudeln. Die Nudeln aber immer streng nach Anleitung kochen und eher zu hart als zu weich. Die Suppe: Wenn die Hühnerbrühe fertig ist, diese mit der Brühe vom Fleisch in einen Topf geben und mit einigen Esslöffeln Sojasauce und noch mal einem kleinen Schuss Reiswein oder Sake abschmecken. Eventuell noch nachsalzen, aber eigentlich müsste die Sojasauce genügend Salz liefern. Alles noch mal aufkochen lassen. Man kann auch noch Wasser dazugeben, je nachdem wie stark bzw. verdünnt man die Suppe haben will. Ich lasse die Brühe pur ohne Zugabe von Wasser. Wenn die Suppe kocht, sollten für den nächsten Schritt alle anderen Zutaten schon fertig sein, vor allem auch die Nudeln. Die Garnierung: Die frischen Sojasprossen mit heißem Wasser in einem Sieb überbrühen. Das Grün von zwei Frühlingszwiebeln in Ringe schneiden. Aus dem Noriblatt kleine Streifen (ca. 2 x 3 cm) schneiden. Das Finish: Die Suppe in eine Schale füllen und so viele Nudeln hinzugeben, dass die Nudeln bis knapp unter die Oberfläche reichen. Zwei bis drei Scheiben Schweinefilet darauf legen. Das Fleisch kann man noch mit grobem Pfeffer bestreuen. Ein halbes Ei mit dem Eigelb nach oben an den Rand der Schale legen. Eine kleine Handvoll Sprossen und Frühlingszwiebeln darüber streuen und die Noriblattstreifen darüber geben. Den Anblick der Suppe genießen. Am besten mit Stäbchen essen und die Brühe laut schlürfen, dann schmeckt es am besten. Das Rezept wurde inspiriert von einem Rezept von Harumi Kurihara. Für weitere Inspiration empfehle ich den Film Tampopo. Teilrezept: Das gekochte Schweinefilet kann man auch auf eine Schale Reis legen und mit dem Sud übergießen. Auch sehr lecker als Alternativgericht. Die Suppe ist nicht aufwendig, aber sie braucht viel Zeit, weil alle Zutaten lange gekocht werden müssen, um den einzigartigen Geschmack zu entfalten. Es lohnt sich, bei der Brühe nicht hektisch zu werden und ihr die nötige Garzeit zuzugestehen. Das Rezept ist eine Art Grundrezept. Die Brühe kann noch weiter verfeinert werden (z.B. mit Algen oder Dashi) oder es können neben dem Huhn auch noch Schweineknochen mitgekocht werden. Als Einlage für die Suppe eignet sich auch eine ganze Menge, einfach mal experimentieren oder im Netz nachschauen was andere machen. Die Suppe ist sehr stärkend und macht auch erstaunlich satt.
Sommerlicher Nudelsalat;https://img.chefkoch-cdn.de/rezepte/1722041281270634/bilder/1342322/crop-360x240/sommerlicher-nudelsalat.jpg;['62.50g', '62.50g', '0.50', '62.50g', '37.50g', '25.00g', '0.25m.-große', '0.50EL', '2.00EL', '2.00EL', '2.00', '2.00', '2.00', '25.00ml', '0.25TL', '0.25TL,gestr.', '0.25'];['Nudeln, z.B. Fusilli', 'Cocktailtomaten', 'Frühlingszwiebel(n), nach Geschmack auch mehr', 'Feta-Käse', 'Tomate(n), getrocknete in Öl', 'Oliven, schwarze, in Scheiben geschnitten', 'Zucchini', 'Sonnenblumenkerne oder Körner-Mix', 'Balsamessig, heller', 'Olivenöl', 'Salz und Pfeffer', 'Oregano', 'Knoblauch', 'Wasser', 'Gemüsebrühe', 'Senf', 'Süßstoff, flüssiger'];['Arbeitszeit ca. 20 Minuten', 'Ruhezeit ca. 1 Stunde', 'Koch-/Backzeit ca. 10 Minuten', 'Gesamtzeit ca. 1 Stunde 30 Minuten'];Die Nudeln in Salzwasser bissfest kochen, abgießen und abkühlen lassen. In der Zwischenzeit die getrocknete Tomaten klein schneiden. Die frischen Tomaten vierteln. Frühlingszwiebeln waschen und in feine Ringe schneiden, dabei auch einen Teil von den grünen Stängeln mit verwenden. Fetakäse würfeln. Die Zucchini waschen und in kleine Würfel schneiden. Etwa 3 EL Öl aus dem Glas der getrockneten Tomaten in eine Pfanne geben und erhitzen. Die Zucchiniwürfel bei mäßiger Hitze in etwa 5 Min. weich dünsten. Die Nudeln in eine Schüssel geben und die geviertelten frischen Tomaten, getrocknete Tomaten, Frühlingszwiebelringe, Olivenscheiben, Fetawürfel und die Sonnenblumenkerne dazugeben. Die Zucchiniwürfel mit dem Öl aus der Pfanne noch warm über den Salat geben. Für das Dressing Wasser, Essig, Öl, Gemüsebrühe, Senf, Süßstoff und die Gewürze miteinander mischen und über den Nudelsalat geben. Alles gut vermengen und mindestens 1 - 2 Std. ziehen lassen. Je nach Geschmack kann man auch etwas mehr Essig oder Öl verwenden. Man kann den Salat gleich servieren, aber es schmeckt viel besser, wenn er durchgezogen ist. Schmeckt sehr gut zu Gegrilltem oder einfach mal als Alternative zu den Nudelsalaten mit Mayonnaise.
Lachs-Cappellini;https://img.chefkoch-cdn.de/rezepte/4159931664361419/bilder/1477944/crop-360x240/lachs-cappellini.jpg;['1.50', '1.00', '0.50'];['Frühlingszwiebel(n)', 'Spitzpaprika, rote (à 100 g)', 'Knoblauchzehe(n)'];['Arbeitszeit ca. 20 Minuten', 'Koch-/Backzeit ca. 5 Minuten', 'Gesamtzeit ca. 25 Minuten'];1. Frühlingszwiebeln putzen, das Weiße und das helle Grün in feine Ringe schneiden. Paprika in dünne Ringe schneiden, dabei das Kerngehäuse entfernen. Knoblauch in dünne Scheiben schneiden. Lachs in ca. 3 cm große Stücke schneiden. 2. Nudeln, Frühlingszwiebeln, Knoblauch, Paprika, etwas Salz und Pfeffer in einen weiten Topf (oder eine weite, hohe Pfanne) geben. Mit Brühe und Sahne auffüllen, mit Cayennepfeffer würzen. Lachs mit Salz und Pfeffer würzen und daraufsetzen. Alles zugedeckt aufkochen. 3. Die Mischung ab dem Zeitpunkt des Kochens offen 4 - 5 Minuten weiterköcheln lassen, dabei die Nudeln öfter vorsichtig durchrühren, damit sie gleichmäßig garen und nicht am Boden ansetzen. Sauce evtl. nachwürzen und mit Nudeln anrichten. Pro Portion 37 g E, 51 g F, 80 g KH = 962 kcal (4030 kJ)
Albertos Spaghetti mit Meatballs;https://img.chefkoch-cdn.de/rezepte/1995841323271256/bilder/1363531/crop-360x240/albertos-spaghetti-mit-meatballs.jpg;['125.00g', '25.00g', '12.50g', '0.25', '0.5Bund', '0.25EL', '0.25', '0.25'];['Hackfleisch, gemischtes', 'Parmaschinken, fein gehackt', 'Parmesan, frisch geriebener', 'Brötchen, frisch, ohne Rinde und in Würfeln', 'Petersilie, glatte, fein gehackt', 'Sour Cream', 'Salz und Pfeffer', 'Muskat'];['Arbeitszeit ca. 40 Minuten', 'Koch-/Backzeit ca. 1 Stunde', 'Gesamtzeit ca. 1 Stunde 40 Minuten'];Aus den Zutaten für die Bällchen Kugeln in der Größe eines Tischtennisballes formen. Für die Sauce das Gemüse fein hacken und in etwas Fett anschwitzen. Mit Weißwein ablöschen und verdampfen lassen. Die Brühe dazugeben und ebenfalls verdampfen lassen. Tomaten, Sahne und Butter dazugeben und alles circa 40 - 50 Minuten leise köcheln lassen. Nun die Soße nach Wunsch abschmecken und evtl. nachwürzen, darauf die Fleischbällchen verteilen und zugedeckt circa 5 Minuten köcheln. Bällchen umdrehen und weitere 5 Minuten köcheln lassen. In der Zwischenzeit die Spaghetti bissfest garen, alles sehr warm servieren evtl. noch Parmesan darauf streuen. Mamma Leone hieß das berühmte Restaurant. Familie Leone emigrierte 1908 nach New York und die Mamma wurde durch ihre Linguine mit Fleischbällchen über die Grenze hinaus bekannt.  Diese Linguine sind seit der Zeit ein Bestandteil aller Menükarten der italienischen Restaurants in den Vereinigten Staaten geworden.
Die echte Sauce Bolognese;https://img.chefkoch-cdn.de/rezepte/772011180069862/bilder/668334/crop-360x240/die-echte-sauce-bolognese.jpg;['20.83g', '20.83', '0.33große', '0.50', '0.50Stange/n'];['Butter', 'Olivenöl', 'Zwiebel(n)', 'Möhre(n)', 'Staudensellerie'];['Arbeitszeit ca. 30 Minuten', 'Koch-/Backzeit ca. 5 Stunden', 'Gesamtzeit ca. 5 Stunden 30 Minuten'];"Das Wichtigste an einer  Bolognese ist das sogenannte ""Soffritto"": Dazu einen ordentlichen Klotz Butter (ca. 125 g) und ein wenig Olivenöl (damit die Butter nicht verbrennt) in eine Pfanne geben. Zwiebeln, Möhren und Staudensellerie putzen bzw. schälen, ganz fein hacken und auf möglichst niedriger Flamme langsam (mind. 30 Minuten) darin garen, bis das Gemüse schön glasig und weich geworden ist. Wichtig ist, dass das Gemüse nicht brät, sondern wirklich nur dünstet - also nicht zu heiß werden lassen! Derweil das Rinderhackfleisch so lange in einer weiteren Pfanne scharf braten, bis es kräftig Farbe annimmt. Anschließend mit einem Schuss Weißwein ablöschen, sodass sich alles Angebackene vom Boden lösen lässt. Wichtig: Jetzt je nach Saucenmenge ca.1/4 bis 1/2 Liter Milch hinzugeben, die sich um das Hackfleisch legt und diesem einen ganz milden Geschmack verleiht. Sobald das Fleisch mit Weißwein und Milch aufkocht, die Dosentomaten hinzugeben (die erforderlichen frischen Tomaten sind bei uns leider nicht erhältlich). Am besten geeignet sind hierfür die San Marzano Eiertomaten aus der Gegend von Neapel. Diese haben einen ganz eigenen süßlichen Geschmack, der der Sauce Bolognese und auch einer ordentlichen Sauce Napoli sehr zuträglich ist. Sobald dies alles wieder aufgekocht ist, den ""Soffritto"" hinzugeben. Der in Scheiben geschnittene Knoblauch und die zerstampften Peperoncini können jetzt auch mit hinein. Mit Meersalz und frisch gemahlenem schwarzem Pfeffer abschmecken. Die Bolognese kann dann gar nicht lange genug köcheln. Ideal wären ca. 5 Stunden. Mindestens 2 Stunden sollte sie aber köcheln. Bei Bedarf immer mal etwas Wasser oder leichte Brühe nachgießen, damit nichts anbrennt. Dann ggf. abkühlen lassen und ca. 1 Stunde vor der Mahlzeit langsam aufwärmen (muss aber nicht, man kann sie auch gleich servieren). Tipp: Man kann auch noch ein wenig frisch gehackte Möhre und Staudensellerie nachschieben, um ein wenig mehr Biss an das Gemüse zu kriegen. In der Zwischenzeit die Nudeln nach Packungsanweisung bissfest kochen, anschließend abgießen. Die Spaghetti auf Tellern anrichten und die Bolognese darüber verteilen. Heiß servieren."
Pasta mit Gemüse, Ei und Parmesan-Crackern;https://img.chefkoch-cdn.de/rezepte/4224191683793213/bilder/1509332/crop-360x240/pasta-mit-gemuese-ei-und-parmesan-crackern.jpg;['25.00g', '25.00', '0.25Bund'];['Parmesan am Stück', 'Pfeffer, frisch gemahlener', 'Lauchzwiebel(n)'];['Arbeitszeit ca. 15 Minuten', 'Koch-/Backzeit ca. 25 Minuten', 'Gesamtzeit ca. 40 Minuten'];Den Backofen auf 200 Grad, Umluft 180 Grad, Gas Stufe 4 vorheizen. Für die Cracker Käse in Stücke schneiden und im Mixer fein zerkleinern, mit Pfeffer würzen. Den Käse mit einem Teelöffel als kleine Häufchen mit etwas Abstand zueinander auf ein mit Backpapier ausgelegtes Backblech geben. Im heißen Ofen etwa 6 - 8 Minuten backen. Herausnehmen und auf einem Kuchengitter abkühlen lassen. Für die Pasta Lauchzwiebeln putzen, abspülen, in 4 cm lange Streifen schneiden. Zuckerschoten putzen, entfädeln, abspülen, längs in feine Streifen schneiden. Garnelen eventuell auftauen lassen und grob hacken. Limette heiß abspülen, trocken tupfen, die Schale fein abreiben. Limette halbieren und eine Hälfte auspressen. Nudeln in reichlich Salzwasser nach Packungsangabe bissfest kochen. Für die letzten 4 Minuten Erbsen und Zuckerschotenstreifen dazugeben und weiterkochen. Nach 2 Minuten die Lauchzwiebelstreifen zufügen, nochmals aufkochen lassen. Frischkäse, Sahne und Eigelb verrühren. Öl in einer großen Pfanne erhitzen, die gehackten Garnelen darin anbraten, salzen und pfeffern. Limettenschale und -saft zufügen. Etwas vom Nudelkochwasser und die Käsecreme verrühren, Mischung unter die Garnelen rühren. Nudeln und Gemüse abgießen, in die Pfanne zu den Garnelen geben, gut mischen und warmhalten. Butter in einer beschichteten Pfanne erhitzen, die Wachteleier darin zu kleinen Spiegeleiern braten. Mit Salz und Pfeffer würzen. Sprossen und Kräuter abspülen, trocken tupfen und zum Anrichten über die Nudeln streuen. Auf vorgewärmten Tellern mit Crackern und Spiegeleiern anrichten. Pro Portion ca. 770 kcal, E 40 g, F 45 g, KH 51 g
Schnelle Bolognese Sauce;https://img.chefkoch-cdn.de/rezepte/1203251226129960/bilder/1533349/crop-360x240/schnelle-bolognese-sauce.jpg;['0.50EL', '125.00g', '0.50', '0.50', '0.50', '0.50', '0.50Dose', '0.50TL', '0.50TL', '0.50TL', '0.50TL', '0.50TL', 'n0.00B0.00', 'n0.00B0.00', '100.00g', 'n0.00B0.00'];['Olivenöl', 'Rinderhackfleisch', 'Zwiebel(n)', 'Knoblauchzehe(n)', 'Tomatenmark', 'Rotwein', 'Pizzatomaten', 'Oregano, gerebelt', 'Majoran, gerebelt', 'Basilikum, gerebelt', 'Paprikapulver', 'Zucker', 'Brühepulver', 'Salz und Pfeffer', 'Spaghetti', 'Parmesan'];['Arbeitszeit ca. 10 Minuten', 'Koch-/Backzeit ca. 30 Minuten', 'Gesamtzeit ca. 40 Minuten'];Olivenöl in einem Topf erhitzen und das Hackfleisch darin krümelig braten. Die Zwiebel und die Knoblauchzehe klein würfeln und kurz mitbraten. Das Tomatenmark hinzugeben und kurz anrösten. Nun den Rotwein hinzugeben und einkochen lassen. Die Dosentomaten, die Kräuter, das Paprikapulver und den Zucker hinzugeben und mit Salz, Pfeffer und Brühepulver abschmecken. Den Deckel aufsetzen und die Sauce ca. 20 Minuten bei schwacher Hitze köcheln lassen. In der Zwischenzeit die Spaghetti nach Packungsanweisung kochen und den Parmesan reiben. Auf Tellern anrichten und servieren.
Zitronenspaghetti mit Kräutergarnelen;https://img.chefkoch-cdn.de/rezepte/1885101306529623/bilder/763972/crop-360x240/zitronenspaghetti-mit-kraeutergarnelen.jpg;['87.50g', '0.50EL', '20.00ml', '0.25', '0.50EL', '0.75EL', 'n0.00B0.00', '87.50g', '0.50EL', '0.25Zweig/e', '0.25Zweig/e', '0.50Zehe/n', '0.50'];['Spaghetti', 'Butter', 'Sahne', 'Bio-Zitrone(n), Abrieb und Saft davon', 'Kräuter nach Wahl (z. B. Petersilie)', 'Parmesan', 'Chilipulver', 'Garnele(n), TK, aufgetaut', 'Olivenöl', 'Rosmarin', 'Thymian', 'Knoblauch', 'Salz und Pfeffer'];['Arbeitszeit ca. 20 Minuten', 'Koch-/Backzeit ca. 10 Minuten', 'Gesamtzeit ca. 30 Minuten'];Die Spaghetti in Salzwasser al dente kochen. Abseihen und den heißen Nudeln Butter, Sahne, Zitronensaft und -schale, Kräuter und Parmesan zufügen und alles gut vermischen. Nach Belieben Chilipulver zu den Nudeln mischen. Die Garnelen in Olivenöl mit Rosmarin- und Thymianzweig sowie den klein gehackten Knoblauchzehen beidseitig kurz scharf braten. Mit Salz und Pfeffer würzen. Die Nudeln in tiefen Tellern anrichten und die Garnelen darauf setzen.
One-Pot-Curry;https://img.chefkoch-cdn.de/rezepte/4160171664390664/bilder/1476757/crop-360x240/one-pot-curry.jpg;['0.50kleine', '0.50', '10.00g'];['Zwiebel(n)', 'Knoblauchzehe(n)', 'Ingwer, frischer'];['Arbeitszeit ca. 15 Minuten', 'Koch-/Backzeit ca. 25 Minuten', 'Gesamtzeit ca. 40 Minuten'];1. Zwiebel und Knoblauch fein würfeln. Ingwer schälen und fein würfeln. Pilze, Zuckerschoten, Paprika und Pak Choi putzen und alles in mundgerechte Stücke schneiden. Hähnchenbrust in 1 cm breite Streifen schneiden. 2. Öl in einem großen Topf erhitzen. Zwiebeln, Knoblauch und Ingwer darin andünsten, Currypaste zugeben, kurz anbraten, mit Kokosmilch ablöschen. Kaffirlimettenblätter, Gemüse und Hähnchenfleisch zugeben, salzen und pfeffern und bei milder Hitze 15 Minuten sanft köcheln lassen. 3. Mie-Goreng-Nudeln in kochendem Salzwasser nach Packungsanweisung zubereiten, abgießen und in das Curry geben. Pro Portion  59 g E, 49 g F, 74 g KH = 1024 kcal (4291 kJ)
Bolognese-Auflauf;https://img.chefkoch-cdn.de/rezepte/4205051677570343/bilder/1497922/crop-360x240/bolognese-auflauf.jpg;['0.33', '0.33', '0.5Stange/n'];['Zwiebel(n)', 'Möhre(n)', 'Lauch'];['Arbeitszeit ca. 20 Minuten', 'Koch-/Backzeit ca. 1 Stunde', 'Gesamtzeit ca. 1 Stunde 20 Minuten'];1. Zwiebeln würfeln. Möhren schälen und klein würfeln (oder im Blitzhacker zerkleinern). Lauch längs vierteln, gründlich waschen und klein schneiden. 2. Öl in einem weiten Topf oder Bräter erhitzen. Hack darin bei starker Hitze hellbraun und krümelig anbraten. Zwiebeln und Gemüse zugeben und 5 Minuten mitbraten. Tomatenmark zugeben und bei mittlerer Hitze 5 Minuten anrösten. Mit Rotwein ablöschen und fast vollständig einkochen lassen. Tomaten und Brühe zugeben. Alles kräftig mit Salz, Pfeffer, Lorbeer und Oregano würzen. Aufkochen und zugedeckt bei milder Hitze 30 Minuten schmoren. 3. Inzwischen die Nudeln in reichlich kochendem Salzwasser nach Packungsanweisung bissfest (1 Min. kürzer als angegeben) garen. Nudeln abgießen, dabei 100 ml Nudelwasser auffangen. Nudeln kurz abschrecken und abtropfen lassen. 4. Gouda mit Crème fraîche mischen. Ofen auf 220 Grad (Umluft 200 Grad) vorheizen. Sauce mit Salz und Pfeffer abschmecken. Nudeln, Nudelwasser und Erbsen untermischen. Alles in eine Auflaufform (28 x 20 cm) geben. Käsemischung in Klecksen darübergeben. Im heißen Ofen auf einem Rost auf der mittleren Schiene 20 Minuten überbacken. Dazu passt grüner Salat mit Vinaigrette. Reicht für 6 - 8 Portionen.
Spaghetti-Carbonara-Muffins;https://img.chefkoch-cdn.de/rezepte/2068801334506662/bilder/1494126/crop-360x240/spaghetti-carbonara-muffins.jpg;['250.00g', '70.00g', '1.00', '100.00g', '3.00', '200.00ml', '200.00'];['Spaghetti', 'Bacon oder Edelschinkenwürfel', 'Schalotte(n)', 'Parmesan oder Grana Padano', 'Eigelb', 'Schlagsahne', 'Salz und Pfeffer'];['Arbeitszeit ca. 20 Minuten', 'Koch-/Backzeit ca. 25 Minuten', 'Gesamtzeit ca. 45 Minuten'];Spaghetti bissfest in Salzwasser garen. Die Schalotte fein würfeln. Speck in einer Pfanne bei kleiner Hitze auslassen, Schalotte dazugeben und mit andünsten. Die Vertiefungen einer Muffinform einfetten. Spaghetti abgießen und mit Hilfe einer Gabel und einem Löffel zu kleinen Nestern formen und in die Vertiefungen der Form geben. Backofen auf 180 °C Ober-/Unterhitze oder 160 °C Umluft vorheizen. Käse reiben, mit den Eigelben und der Sahne verquirlen. Speck-Zwiebel-Masse unterheben und mit Salz und Pfeffer würzen. Mit einem Esslöffel zuerst einen Löffel Ei-Flüssigkeit auf die Nester geben und dann die restliche Ei-Masse auf die Nester verteilen. Im heißen Backofen ca. 25 Minuten backen. Tipp: Wenn man nur das halbe Rezept nimmt reicht 1 Eigelb von einem nicht zu kleinen Ei. Vegetarische Version: 100 g TK Erbsen in 1 EL Butter 5 Minuten andünsten und unter die Käse-Eier-Mischung heben.
Vegetarische Tortellini-Pfanne;https://img.chefkoch-cdn.de/rezepte/1504741255948809/bilder/1029421/crop-360x240/vegetarische-tortellini-pfanne.jpg;['0.33Pck.', '0.67Handvoll', '0.5Kopf', '0.17', '0.33', '66.67g', '0.67', '0.67', '0.67', '0.33EL,gestr.', '66.67ml', '66.67', '3.33', 'n0.00B0.00'];['Tortellini, vegetarisch gefüllte', 'Bohnen, grüne, halbierte', 'Brokkoliröschen', 'Butter', 'Porreestange(n)', 'Champignons, braune, geviertelte', 'Knoblauchzehe(n), gehackte', 'Salz und Pfeffer aus der Mühle', 'Chilipulver', 'Gemüsebrühepulver', 'Pflanzensahne (Pflanzencreme Cuisine)', 'Speisestärke zum Andicken, optional', 'Cocktailtomaten, halbierte', 'Parmesan, frisch geriebener, oder vegetarischer Hartkäse'];['Arbeitszeit ca. 20 Minuten', 'Koch-/Backzeit ca. 15 Minuten', 'Gesamtzeit ca. 35 Minuten'];Die Tortellini in Salzwasser al dente kochen, abgießen und beiseitestellen. Die Bohnen in Salzwasser ca. 8 Minuten kochen, dann die Brokkoliröschen für weitere 3 - 4 Minuten dazugeben. Das Gemüse abgießen, kalt abschrecken und beiseitestellen. Butter in einer Pfanne erhitzen und Porree, Pilze und Knoblauch darin anschwitzen. Mit Salz, Pfeffer, Chili und etwas Gemüsebrühepulver würzen. Mit dem Sahneersatz ablöschen, die Tortellini dazugeben, die Bohnen und die Brokkoliröschen untermischen und alles heiß werden lassen. Bei Bedarf mit etwas Speisestärke andicken. Die halbierten Cherrytomaten unterheben. Mit Salz und Pfeffer abschmecken und mit frisch geriebenem Parmesan bestreut servieren.
Tortellinisalat italienische Art;https://img.chefkoch-cdn.de/rezepte/620981162378686/bilder/984251/crop-360x240/tortellinisalat-italienische-art.jpg;['18.75g', '12.50g', '0.50', '6.25g', '0.25Handvoll', '1.00EL', '0.50EL', 'evtl0.00', '0.00'];['Tomate(n), getrocknete in Öl, aus dem Glas', 'Pecorino, ersatzweise Parmesan', 'Knoblauchzehe(n), nach Belieben mehr', 'Cashewnüsse', 'Basilikum, am besten frisch', 'Öl, aus dem Tomatenglas', 'Balsamico, heller', 'Wasser', 'Salz und Pfeffer'];['Arbeitszeit ca. 30 Minuten', 'Koch-/Backzeit ca. 10 Minuten', 'Gesamtzeit ca. 40 Minuten'];Die Tortellini nach Packungsanweisung  in Salzwasser kochen, abgießen und kalt abschrecken.  Etwas abkühlen lassen. Für das Pesto die getrockneten Tomaten in Streifen schneiden. Den Käse fein reiben. Die Knoblauchzehen abziehen und fein hacken. Nun getrocknete Tomaten, geriebenen Käse, Cashewkerne, Basilikum und Knoblauch im Mixer zu einer festen Paste vermahlen, dann das Öl untermixen. Die Paste nun mit dem Balsamico und bei Bedarf noch etwas Wasser auf eine cremige Konsistenz verdünnen und evtl. mit Salz und Pfeffer abschmecken. In einer Schüssel mit den Tortellini mischen. Nun die Cocktailtomaten je nach Größe halbieren oder vierteln. Den Mozzarella würfeln und die Oliven nach Wunsch halbieren. Alles mit den Tortellini mischen und abgedeckt etwas ziehen lassen.
Spinatlasagne;https://img.chefkoch-cdn.de/rezepte/1231981228220302/bilder/764354/crop-360x240/spinatlasagne.jpg;['200.00g', '0.50m.-große', '0.50', '100.00g', '0.50EL', '0.50EL', '0.50', '87.50g', '25.00g', '25.00', '25.00', '25.00', 'n0.00B0.00', '0.00'];['Blattspinat, TK oder frisch, dann blanchiert', 'Zwiebel(n)', 'Knoblauchzehe(n)', 'Tomaten, passierte', 'Tomatenmark', 'Kräuter, gemischte, TK', 'Öl', 'Frischkäse, light', 'Parmesan', 'Salz und Pfeffer', 'Muskat', 'Paprikapulver', 'Lasagneplatte(n)', 'Fett für die Form'];['Arbeitszeit ca. 25 Minuten', 'Koch-/Backzeit ca. 50 Minuten', 'Gesamtzeit ca. 1 Stunde 15 Minuten'];Zwiebel und Knoblauch fein würfeln, 2 EL Öl erhitzen und je die Hälfte von Zwiebeln und Knoblauch darin anbraten. Den Spinat unterrühren und heiß werden lassen, zum Schluss den Frischkäse unterrühren. Mit Muskatnuss, Salz und Pfeffer abschmecken. 2 EL Öl erhitzen, die restlichen Zwiebeln und den restlichen Knoblauch darin anbraten, Tomatenmark und Kräuter dazugeben, kurz durchrösten und mit den passierten Tomaten aufgießen. Ca. 5 Minuten köcheln lassen und mit Salz, Pfeffer und Paprikapulver abschmecken. Eine Auflaufform fetten, etwas Tomatensauce darin verteilen, dann Lasagneplatten, Spinat, Tomatensauce und wieder Lasagneplatten Schicht für Schicht in die Form füllen, mit Tomatensauce abschließen. Mit Parmesan bestreuen und im vorgeheizten Backrohr bei 175 °C Umluft 40 - 45 Minuten backen.
Conchiglioni mit Pesto rosso und Burrata;https://img.chefkoch-cdn.de/rezepte/4230141686053487/bilder/1512548/crop-360x240/conchiglioni-mit-pesto-rosso-und-burrata.jpg;['20.00g', '0.25', '20.00g'];['Pekannüsse', 'Chilischote(n), rote', 'Tomate(n), getrocknete in Öl (abgetropft)'];['Arbeitszeit ca. 15 Minuten', 'Koch-/Backzeit ca. 15 Minuten', 'Gesamtzeit ca. 30 Minuten'];1. Für den Pesto Pekannüsse in einer Pfanne ohne Fett anrösten, anschließend auf einem Teller etwas abkühlen lassen und grob hacken. Chilischote waschen, putzen, der Länge nach halbieren, entkernen und grob schneiden. Tomaten und Paprika abtropfen lassen. Paprika, Chili, Tomaten, Knoblauch, 50 g Pekannüsse und 90 ml Olivenöl im Küchenmixer oder Blitzhacker grob pürieren. Geriebenen Käse unterrühren. Pesto rosso mit Salz und Pfeffer abschmecken und beiseitestellen. 2. Nudeln nach Packungsanweisung in reichlich kochendem Salzwasser bissfest garen. Inzwischen Zuckerschoten waschen, putzen, schräg halbieren. Petersilienblätter von den Stielen abzupfen. Restliches Olivenöl (10 ml) in einer breiten Pfanne mit hohem Rand erhitzen. Zuckerschoten darin 2 Minuten braten. 3. Nudeln in ein Sieb abgießen, dabei 100 ml Nudelkochwasser auffangen. Nudeln und Pesto zu den Zuckerschoten geben und gut durchschwenken, nach Belieben Nudelwasser unterschwenken. Pasta auf vorgewärmte Teller verteilen. Burrata in kleine Stücke teilen und darübergeben. Pasta mit restlichen Pekannüssen (30 g) und Petersilie bestreuen und servieren. Pro Portion 22 g E, 51 g F, 77 g KH = 903 kcal (3783 kJ)
Koelkasts Spaghetti Carbonara;https://img.chefkoch-cdn.de/rezepte/814121185712740/bilder/983068/crop-360x240/koelkasts-spaghetti-carbonara.jpg;['75.00g', '0.50EL', '100.00g', '1.50', '0.5Tasse', '25.00g', '25.00'];['Schinkenwürfel oder auch Speckwürfel', 'Öl', 'Spaghetti', 'Eigelb', 'Sahne, ca. 100 ml', 'Parmesan, frisch geriebener', 'Salz und Pfeffer'];['Arbeitszeit ca. 5 Minuten', 'Koch-/Backzeit ca. 10 Minuten', 'Gesamtzeit ca. 15 Minuten'];Schinkenwürfel im Öl anbraten. Währenddessen Spaghetti nach Packungsanweisung kochen. Inzwischen Eigelb mit Sahne und Parmesan verquirlen, salzen und gut pfeffern. Die Eiermasse schnell mit den gekochten, abgetropften Spaghetti und den krossen Schinken- oder Speckwürfeln mischen. Tipp: Ich fülle dazu die abgetropften Spaghetti (die ruhig noch ein bisschen feucht sein können) wieder in den heißen Topf und stelle ihn wieder auf die ausgeschaltete Kochstelle. Dort wird alles nur so lange vermischt, bis das Eigelb bindet. Nicht zu lange rühren, sonst erhält man ein Rührei. Noch einmal gut mit Salz und Pfeffer abschmecken.
Deftige Brokkoli-Quiche;https://img.chefkoch-cdn.de/rezepte/4294271710325813/bilder/1546741/crop-360x240/deftige-brokkoli-quiche.jpg;['1.00Pck.', '150.00g', '1.00', '1.00', '200.00g', '100.00ml', '6.00', '200.00g', '200.00', '200.00', '100.00g'];['Quiche- und Tarteteig', 'Aoste Walnuss-Salami', 'Zwiebel(n)', 'Knoblauchzehe(n)', 'Brokkoli', 'Milch', 'Ei(er)', 'Crème fraîche', 'Salz und Pfeffer', 'Muskat', 'Käse, geriebener'];['Arbeitszeit ca. 10 Minuten', 'Koch-/Backzeit ca. 30 Minuten', 'Gesamtzeit ca. 40 Minuten'];1. Teig in eine Quiche- oder Springform geben und darauf kleingeschnittene Salami, Zwiebel, Knoblauch und Brokkoli verteilen. 2. Aus allen restlichen Zutaten, bis auf den Käse, eine Creme anrühren und über die Zutaten in der Form gießen. Anschließend mit Käse bestreuen. 3. Quiche für ca. 30 Minuten bei 200 °C backen, bis sie gestockt ist. Danach rund 30 Minuten auskühlen lassen.
Currysuppe mit Maultaschen;https://img.chefkoch-cdn.de/rezepte/3740951568031314/bilder/1237450/crop-360x240/currysuppe-mit-maultaschen.jpg;['0.50Pck.', '0.50', '0.50kleine', '0.25Stück(e)', '0.25Stück(e)', '0.25', '0.50', '0.25', '0.25', '0.50EL', '100.00ml', '0.50Dose/n', '0.50', '0.50', '0.50', '0.25Bund', '0.50'];['BÜRGER Vegane Maultaschen, à 300 g', 'Knoblauchzehe(n)', 'Zwiebel(n)', 'Ingwer', 'Chili', 'Zucchini', 'Karotte(n)', 'Brokkoli', 'Paprikaschote(n), rote', 'Rapsöl', 'Gemüsebrühe', 'Kokosmilch', 'Salz und Pfeffer', 'Madras-Currypulver', 'Paprikapulver', 'Petersilie, frische', 'Limette(n), Saft davon'];['Arbeitszeit ca. 15 Minuten', 'Koch-/Backzeit ca. 25 Minuten', 'Gesamtzeit ca. 40 Minuten'];1. Zwiebeln, Knoblauch und Ingwer fein hacken. Chili in dünne Ringe schneiden. Das Gemüse abwaschen, die Karotten schälen und alles in mundgerechte Stücke schneiden. 2. Zwiebeln, Knoblauch und Ingwer in etwas Rapsöl anbraten. Die Karotten und die Paprika nach 3 - 4 Minuten dazugeben, kurz anbraten und dann mit Gemüsebrühe und Kokosmilch ablöschen. Würzen. Bei geschlossenem Deckel das Curry leicht köcheln lassen. Nach 10 Minuten kommen Zucchini, Brokkoli und Chili dazu. Das Curry für weitere 10 Minuten köcheln lassen, bis das Gemüse weich ist. In den letzten Minuten werden die veganen Maultaschen zum Curry gegeben. 3. Noch einmal abschmecken. Limettensaft und gehackte Petersilie unter das Curry rühren. Tipp: Schmeckt natürlich auch mit Gemüse- oder Fleischmaultaschen!
Garnelenspieße mit Gemüse und Basilikum-Zitronen-Pesto;https://img.chefkoch-cdn.de/rezepte/4231171686558848/bilder/1512558/crop-360x240/garnelenspiesse-mit-gemuese-und-basilikum-zitronen-pesto.jpg;['0.25Glas', '0.25kg', '0.25EL', '0.50', '0.25', '0.25', '0.25', '0.25', '2.00Stück(e)'];['Pesto Barilla Basilico e Limone', 'Garnele(n), geschält und entdarmt', 'Zitronensaft', 'Zucchini', 'Paprikaschote(n), rote', 'Paprikaschote(n), gelbe', 'Zwiebel(n), rote', 'Salz und Pfeffer, schwarzer, nach Geschmack', 'Holzspieße'];['Arbeitszeit ca. 30 Minuten', 'Koch-/Backzeit ca. 10 Minuten', 'Gesamtzeit ca. 40 Minuten'];1. Die Spieße 15 - 20 Minuten in Wasser einweichen, damit sie nicht verbrennen. 2. Das Gemüse in Scheiben schneiden und anschließend mit der Hälfte des Pesto aus dem Glas bestreichen. 3. Den Grill auf mittlere bis hohe Hitze vorheizen und den Rost leicht einölen. 4. Garnelen in eine kleine Schüssel geben und mit dem restlichen Pesto sowie Salz und Pfeffer vermengen. Abwechselnd Garnelen, Zucchini, Paprika und Zwiebeln auf die Spieße stecken. 5. Die Spieße auf dem vorgeheizten Grill unter Wenden etwa 2 - 3 Minuten pro Seite grillen. Erneut mit Pesto bestreichen und servieren.
Deftige Brokkoli-Quiche;https://img.chefkoch-cdn.de/rezepte/4294271710325813/bilder/1546741/crop-360x240/deftige-brokkoli-quiche.jpg;['1.00Pck.', '150.00g', '1.00', '1.00', '200.00g', '100.00ml', '6.00', '200.00g', '200.00', '200.00', '100.00g'];['Quiche- und Tarteteig', 'Aoste Walnuss-Salami', 'Zwiebel(n)', 'Knoblauchzehe(n)', 'Brokkoli', 'Milch', 'Ei(er)', 'Crème fraîche', 'Salz und Pfeffer', 'Muskat', 'Käse, geriebener'];['Arbeitszeit ca. 10 Minuten', 'Koch-/Backzeit ca. 30 Minuten', 'Gesamtzeit ca. 40 Minuten'];1. Teig in eine Quiche- oder Springform geben und darauf kleingeschnittene Salami, Zwiebel, Knoblauch und Brokkoli verteilen. 2. Aus allen restlichen Zutaten, bis auf den Käse, eine Creme anrühren und über die Zutaten in der Form gießen. Anschließend mit Käse bestreuen. 3. Quiche für ca. 30 Minuten bei 200 °C backen, bis sie gestockt ist. Danach rund 30 Minuten auskühlen lassen.
Currysuppe mit Maultaschen;https://img.chefkoch-cdn.de/rezepte/3740951568031314/bilder/1237450/crop-360x240/currysuppe-mit-maultaschen.jpg;['0.50Pck.', '0.50', '0.50kleine', '0.25Stück(e)', '0.25Stück(e)', '0.25', '0.50', '0.25', '0.25', '0.50EL', '100.00ml', '0.50Dose/n', '0.50', '0.50', '0.50', '0.25Bund', '0.50'];['BÜRGER Vegane Maultaschen, à 300 g', 'Knoblauchzehe(n)', 'Zwiebel(n)', 'Ingwer', 'Chili', 'Zucchini', 'Karotte(n)', 'Brokkoli', 'Paprikaschote(n), rote', 'Rapsöl', 'Gemüsebrühe', 'Kokosmilch', 'Salz und Pfeffer', 'Madras-Currypulver', 'Paprikapulver', 'Petersilie, frische', 'Limette(n), Saft davon'];['Arbeitszeit ca. 15 Minuten', 'Koch-/Backzeit ca. 25 Minuten', 'Gesamtzeit ca. 40 Minuten'];1. Zwiebeln, Knoblauch und Ingwer fein hacken. Chili in dünne Ringe schneiden. Das Gemüse abwaschen, die Karotten schälen und alles in mundgerechte Stücke schneiden. 2. Zwiebeln, Knoblauch und Ingwer in etwas Rapsöl anbraten. Die Karotten und die Paprika nach 3 - 4 Minuten dazugeben, kurz anbraten und dann mit Gemüsebrühe und Kokosmilch ablöschen. Würzen. Bei geschlossenem Deckel das Curry leicht köcheln lassen. Nach 10 Minuten kommen Zucchini, Brokkoli und Chili dazu. Das Curry für weitere 10 Minuten köcheln lassen, bis das Gemüse weich ist. In den letzten Minuten werden die veganen Maultaschen zum Curry gegeben. 3. Noch einmal abschmecken. Limettensaft und gehackte Petersilie unter das Curry rühren. Tipp: Schmeckt natürlich auch mit Gemüse- oder Fleischmaultaschen!
Erfrischender Wassermelone-Feta-Salat;https://img.chefkoch-cdn.de/rezepte/4291451709203361/bilder/1545132/crop-360x240/erfrischender-wassermelone-feta-salat.jpg;['187.50g', '80.00g', '50.00g', '25.00g', '2.50g', '2.50g', '0.50EL', '0.25EL'];['Wassermelone(n), geputzt', 'Salatgurke(n)', 'Feta-Käse, zerkrümelt', 'Oliven, schwarze', 'Basilikumblätter, frische, fein geschnitten', 'Minzeblätter, frische, fein geschnitten', 'Olivenöl, natives', 'Rotweinessig'];['Arbeitszeit ca. 15 Minuten', 'Gesamtzeit ca. 15 Minuten'];1. Den Arbeitsbehälter einsetzen. Das Würfelschneide-Zubehör mit der groben Schneidscheibe einsetzen. Eine große Schüssel unter den Auslass des Würfelschneiders stellen. Die Wassermelone in die Schüssel zu Würfeln schneiden lassen und die überschüssige Flüssigkeit abgießen. 2. Die Salatgurke in die Schüssel zu Würfeln schneiden lassen. 3. Dann Feta, schwarze Oliven, Basilikum, Minze, Olivenöl und Essig mit in die Salatschüssel geben. Alles vorsichtig durchmischen, bis das Dressing gleichmäßig verteilt ist. Gefällt Dir dieses Rezept? Dann freuen wir uns auf Deine Bewertungs-Sternchen!
